date,active_users,video_hours_watched,quiz_submissions
2026-01-01,475,880,222
2026-01-02,389,666,198
2026-01-03,255,416,113
2026-01-04,264,494,125
2026-01-05,474,844,224
2026-01-06,497,923,218
2026-01-07,544,998,248
2026-01-08,503,902,227
2026-01-09,398,683,181
2026-01-10,271,427,110
2026-01-11,224,385,101
2026-01-12,487,911,227
2026-01-13,531,964,261
2026-01-14,459,776,221
2026-01-15,447,812,233
2026-01-16,415,762,175
2026-01-17,244,404,123
2026-01-18,267,487,123
2026-01-19,493,890,255
2026-01-20,501,856,213
2026-01-21,580,1058,248
2026-01-22,512,944,221
2026-01-23,453,859,172
2026-01-24,252,496,106
2026-01-25,261,415,106
2026-01-26,543,940,247
2026-01-27,528,971,243
2026-01-28,567,1041,283
2026-01-29,520,957,248
2026-01-30,462,986,199
2026-01-31,296,556,120
2026-02-01,352,679,166
2026-02-02,559,1044,232
2026-02-03,550,1016,275
2026-02-04,600,1067,288
2026-02-05,521,968,227
2026-02-06,497,864,198
2026-02-07,275,486,144
2026-02-08,276,477,122
2026-02-09,585,1056,282
2026-02-10,624,1216,257
2026-02-11,600,1005,261
2026-02-12,574,1061,258
2026-02-13,501,837,226
2026-02-14,309,537,132
2026-02-15,314,609,151
2026-02-16,585,1056,247
2026-02-17,653,1132,292
2026-02-18,624,1095,283
2026-02-19,544,1006,253
2026-02-20,539,941,253
2026-02-21,361,658,146
2026-02-22,335,605,128
2026-02-23,636,1119,305
2026-02-24,672,1295,307
2026-02-25,662,1217,287
2026-02-26,591,983,289
2026-02-27,540,979,245
2026-02-28,402,697,199
2026-03-01,404,761,183
2026-03-02,623,1090,311
2026-03-03,655,1174,321
2026-03-04,620,1136,275
2026-03-05,600,1115,285
2026-03-06,593,1019,277
2026-03-07,452,800,224
2026-03-08,392,687,162
2026-03-09,687,1210,319
2026-03-10,691,1314,327
2026-03-11,653,1192,267
2026-03-12,666,1148,282
2026-03-13,634,1178,255
2026-03-14,430,859,189
2026-03-15,461,871,218
2026-03-16,598,1016,292
2026-03-17,724,1284,327
2026-03-18,695,1302,337
2026-03-19,666,1170,279
2026-03-20,611,1118,249
2026-03-21,391,735,175
2026-03-22,427,732,198
2026-03-23,707,1270,318
2026-03-24,763,1244,312
2026-03-25,696,1212,312
2026-03-26,670,1196,282
2026-03-27,612,1052,285
2026-03-28,498,962,230
2026-03-29,463,776,194
2026-03-30,700,1242,307
2026-03-31,754,1362,323
2026-04-01,734,1379,329
2026-04-02,743,1280,349
2026-04-03,626,1173,267
2026-04-04,480,864,224
2026-04-05,461,791,199
2026-04-06,691,1262,299
2026-04-07,767,1389,344
2026-04-08,759,1342,326
2026-04-09,734,1324,322
2026-04-10,659,1171,279
2026-04-11,467,845,240
2026-04-12,480,890,217
2026-04-13,745,1404,325
2026-04-14,754,1308,343
2026-04-15,766,1464,343
2026-04-16,765,1299,341
2026-04-17,743,1331,344
2026-04-18,534,985,252
2026-04-19,519,945,226
2026-04-20,772,1365,339
2026-04-21,740,1324,329
2026-04-22,789,1400,321
2026-04-23,775,1371,326
2026-04-24,780,1438,372
2026-04-25,543,992,269
2026-04-26,540,944,239
2026-04-27,793,1463,365
2026-04-28,782,1420,357
2026-04-29,844,1552,426
2026-04-30,815,1492,384
2026-05-01,749,1315,335
2026-05-02,541,951,229
2026-05-03,593,1097,243
2026-05-04,772,1414,350
2026-05-05,854,1536,373
2026-05-06,895,1616,381
2026-05-07,782,1459,342
2026-05-08,728,1287,311
2026-05-09,591,1086,291
2026-05-10,555,991,263
2026-05-11,787,1408,354
2026-05-12,858,1588,408
2026-05-13,817,1504,369
2026-05-14,846,1555,368
2026-05-15,737,1379,354
2026-05-16,654,1178,302
2026-05-17,566,1046,239
2026-05-18,843,1505,376
2026-05-19,900,1633,392
2026-05-20,831,1491,353
2026-05-21,858,1548,400
2026-05-22,823,1505,399
2026-05-23,578,1008,239
2026-05-24,615,1191,285
2026-05-25,880,1544,386
2026-05-26,918,1604,406
2026-05-27,851,1578,374
2026-05-28,831,1527,361
2026-05-29,819,1499,369
2026-05-30,655,1204,282
2026-05-31,637,1146,291
2026-06-01,902,1588,405
2026-06-02,894,1612,399
2026-06-03,914,1618,398
2026-06-04,899,1657,396
2026-06-05,802,1438,372
2026-06-06,722,1267,332
2026-06-07,663,1181,284
2026-06-08,876,1593,396
2026-06-09,954,1695,441
2026-06-10,898,1584,379
2026-06-11,933,1689,428
2026-06-12,877,1588,385
2026-06-13,661,1170,306
2026-06-14,697,1236,302
2026-06-15,943,1707,397
2026-06-16,978,1702,416
2026-06-17,1003,1749,452
2026-06-18,922,1631,419
2026-06-19,839,1502,364
2026-06-20,678,1233,315
2026-06-21,663,1252,273
2026-06-22,948,1741,426
2026-06-23,983,1763,424
2026-06-24,974,1752,429
2026-06-25,974,1713,439
2026-06-26,882,1587,384
2026-06-27,768,1371,340
2026-06-28,699,1271,330
2026-06-29,1052,1861,465
